,id,gender,age,education,start_field,end_field
0,0,M,39,PhD,Education,IT
1,1,F,44,Bachelor,Science,Science
2,2,NS,46,Bachelor,Education,IT
3,3,NS,49,PhD,Science,IT
4,4,F,51,Bachelor,Business,Business
5,5,F,20,Bachelor,Education,Education
6,6,F,24,Master,Education,Education
7,7,M,39,Bachelor,Education,Education
8,8,F,56,HighSchool,Engineering,IT
9,9,M,27,Bachelor,Education,Education
10,10,F,34,PhD,Business,Business
11,11,nonbinary,23,Master,Hospitality,Hospitality
12,12,F,33,HighSchool,IT,IT
13,13,F,34,Master,Business,Business
14,14,F,21,Bachelor,Science,IT
15,15,F,32,Bachelor,Hospitality,Hospitality
16,16,F,35,Master,Hospitality,Hospitality
17,17,F,30,Bachelor,Education,Education
18,18,F,31,HighSchool,IT,IT
19,19,M,33,Master,Science,Science
20,20,F,39,PhD,Science,Science
21,21,F,33,HighSchool,Science,Science
22,22,F,20,Bachelor,IT,IT
23,23,M,33,PhD,Engineering,Engineering
24,24,F,36,HighSchool,Science,IT
25,25,F,24,Bachelor,Hospitality,Hospitality
26,26,nonbinary,42,Bachelor,Administration,Administration
27,27,F,51,PhD,Education,Education
28,28,F,33,Master,Business,Business
29,29,F,54,Bachelor,IT,IT
30,30,M,44,Master,Education,Education
31,31,nonbinary,53,Master,Science,Science
32,32,F,32,Master,Science,Science
33,33,nonbinary,39,Master,IT,IT
34,34,F,33,Master,IT,IT
35,35,F,38,Master,IT,IT
36,36,F,30,PhD,IT,IT
37,37,F,55,PhD,IT,IT
38,38,F,43,PhD,Business,Business
39,39,F,33,Master,Engineering,IT
40,40,F,37,Master,Business,Business
41,41,F,60,PhD,IT,IT
42,42,F,49,PhD,IT,IT
43,43,F,35,Bachelor,Media,Media
44,44,F,33,PhD,Science,Science
45,45,F,32,Master,IT,IT
46,46,M,30,Master,IT,IT
47,47,F,36,Bachelor,Science,Science
48,48,F,33,Bachelor,IT,IT
49,49,F,28,PhD,IT,IT
50,50,M,43,Master,Media,Media
51,51,M,50,PhD,Media,Media
52,52,F,43,Master,Farming,Farming
53,53,M,38,Master,Science,Science
54,54,F,24,Master,Business,Business
55,55,F,32,Bachelor,Education,IT
56,56,F,50,Bachelor,IT,IT
57,57,F,30,Bachelor,Hospitality,Hospitality
58,58,F,50,Bachelor,Education,IT
59,59,nonbinary,27,Master,Farming,Farming
60,60,F,53,PhD,Education,Education
61,61,F,54,PhD,Science,Science
62,62,F,60,Master,Media,Media
63,63,F,28,Master,Education,Education
64,64,F,40,Bachelor,Media,Media
65,65,F,20,PhD,IT,IT
66,66,F,27,Bachelor,IT,IT
67,67,nonbinary,40,HighSchool,IT,IT
68,68,nonbinary,46,Bachelor,Education,IT
69,69,F,23,Master,Science,Science
70,70,M,44,Bachelor,Media,Media
71,71,M,48,PhD,Business,Business
72,72,F,48,Bachelor,Business,Business
73,73,F,34,HighSchool,Science,Science
74,74,F,46,PhD,IT,IT
75,75,F,42,Master,IT,IT
76,76,F,36,Bachelor,IT,IT
77,77,M,32,Master,Management,Management
78,78,M,28,Master,Science,IT
79,79,F,34,Master,Science,Science
80,80,M,39,Bachelor,Engineering,IT
81,81,F,37,PhD,Science,Science
82,82,M,43,HighSchool,Engineering,IT
83,83,M,37,Master,IT,IT
84,84,M,48,PhD,Science,IT
85,85,F,31,Master,Education,Education
86,86,F,50,Master,Engineering,Engineering
87,87,F,57,Master,IT,IT
88,88,nonbinary,40,HighSchool,Hospitality,Hospitality
89,89,F,52,HighSchool,Law,Law
90,90,nonbinary,25,Master,IT,IT
91,91,F,40,HighSchool,Engineering,Engineering
92,92,F,77,HighSchool,IT,IT
93,93,F,28,Bachelor,Hospitality,Hospitality
94,94,F,46,Master,Science,IT
95,95,F,27,PhD,Engineering,Engineering
96,96,nonbinary,35,Master,IT,IT
97,97,F,40,PhD,Business,Business
98,98,F,22,Bachelor,IT,IT
99,99,F,23,Master,Education,Education
100,100,F,22,Master,Science,IT
101,101,F,48,PhD,Business,IT
102,102,NS,48,PhD,IT,IT
103,103,M,48,Master,Science,Science
104,104,F,34,Bachelor,Business,Business
105,105,NS,46,PhD,IT,IT
106,106,F,43,Master,Education,Education
107,107,F,40,PhD,Science,IT
108,108,F,49,PhD,Science,Science
109,109,F,52,Master,Media,Media
110,110,F,54,Master,Science,Science
111,111,F,40,HighSchool,Business,Business
112,112,nonbinary,30,PhD,Science,IT
113,113,F,37,HighSchool,IT,IT
114,114,F,37,Master,IT,IT
115,115,F,37,HighSchool,Business,Business
116,116,F,33,Master,Education,IT
117,117,F,40,PhD,Media,Media
118,118,M,32,Master,Engineering,Engineering
119,119,F,51,Master,Science,Science
120,120,F,38,Master,IT,IT
121,121,F,34,Master,IT,IT
122,122,F,44,HighSchool,IT,IT
123,123,M,40,PhD,IT,IT
124,124,M,41,Master,Management,Management
125,125,F,30,Bachelor,Business,Business
126,126,F,24,Bachelor,Education,Education
127,127,F,31,Master,Media,IT
128,128,F,40,PhD,Science,Science
129,129,F,40,HighSchool,Science,IT
130,130,F,37,Bachelor,IT,IT
131,131,F,57,Master,Education,IT
132,132,F,47,Bachelor,Education,Education
133,133,M,31,Master,Media,Media
134,134,NS,21,Master,Science,IT
135,135,NS,36,Master,Science,Science
136,136,F,41,PhD,Engineering,Engineering
137,137,F,29,PhD,IT,IT
138,138,F,29,Master,Media,Media
139,139,M,49,Master,IT,IT
140,140,nonbinary,54,Bachelor,Business,Business
141,141,F,75,PhD,IT,IT
142,142,F,36,HighSchool,Hospitality,Hospitality
143,143,F,43,Master,Business,Business
144,144,F,47,Bachelor,Science,Science
145,145,M,20,Master,Law,Law
146,146,F,26,PhD,IT,IT
147,147,NS,20,Master,Education,Education
148,148,F,49,Bachelor,Science,Science
149,149,F,22,Master,IT,IT
150,150,M,40,Master,IT,IT
151,151,M,34,PhD,Business,Business
152,152,F,21,PhD,Business,Business
153,153,F,39,Master,Hospitality,Hospitality
154,154,F,38,PhD,Construction,Construction
155,155,F,39,PhD,Science,Science
156,156,F,48,PhD,Science,IT
157,157,F,29,Bachelor,IT,IT
158,158,F,37,PhD,Science,Science
159,159,M,33,Bachelor,IT,IT
160,160,F,39,Master,Engineering,Engineering
161,161,F,27,Bachelor,IT,IT
162,162,F,30,Master,Media,Media
163,163,F,56,PhD,Science,Science
164,164,M,32,Bachelor,IT,IT
165,165,M,31,PhD,Law,Law
166,166,NS,35,Bachelor,Business,Business
167,167,F,44,HighSchool,Science,Science
168,168,F,31,PhD,IT,IT
169,169,F,33,Bachelor,Administration,Administration
170,170,F,38,PhD,IT,IT
171,171,M,32,PhD,Science,IT
172,172,nonbinary,23,PhD,IT,IT
173,173,M,29,Bachelor,Science,IT
174,174,M,33,Master,Engineering,Engineering
175,175,F,39,Master,Engineering,IT
176,176,M,28,Bachelor,Education,Education
177,177,F,52,PhD,IT,IT
178,178,M,38,Master,Science,IT
179,179,F,26,Bachelor,Science,Science
180,180,nonbinary,35,Bachelor,IT,IT
181,181,F,38,Bachelor,Farming,Farming
182,182,F,33,Bachelor,Education,Education
183,183,F,32,Master,Science,Science
184,184,nonbinary,48,Bachelor,Engineering,IT
185,185,F,50,PhD,Hospitality,Hospitality
186,186,F,41,Master,Education,Education
187,187,F,39,Master,Engineering,IT
188,188,M,40,PhD,Administration,Administration
189,189,F,48,Bachelor,Business,Business
190,190,F,34,Bachelor,IT,IT
191,191,F,30,PhD,Science,IT
192,192,M,46,Master,Engineering,Engineering
193,193,F,59,Bachelor,Science,Science
194,194,NS,45,Master,Law,Law
195,195,F,29,Master,IT,IT
196,196,F,26,PhD,Education,Education
197,197,F,55,PhD,Hospitality,Hospitality
198,198,F,27,Bachelor,Science,Science
199,199,F,50,Bachelor,Farming,Farming
200,200,NS,31,Bachelor,IT,IT
201,201,M,32,Bachelor,Science,Science
202,202,F,30,Master,Engineering,Engineering
203,203,F,43,Bachelor,Science,IT
204,204,NS,51,Bachelor,Science,Science
205,205,F,48,Bachelor,Science,Science
206,206,F,24,Master,Education,Education
207,207,F,27,Master,Science,Science
208,208,F,34,Master,Engineering,IT
209,209,M,49,PhD,Science,Science
210,210,M,34,PhD,Science,Science
211,211,M,29,Master,IT,IT
212,212,F,44,PhD,IT,IT
213,213,F,40,Master,Engineering,Engineering
214,214,M,30,Bachelor,Education,Education
215,215,F,29,PhD,IT,IT
216,216,F,26,Master,Science,Science
217,217,F,67,Master,IT,IT
218,218,F,28,Master,Engineering,IT
219,219,F,37,Master,IT,IT
220,220,F,28,Bachelor,Science,IT
221,221,F,28,Master,Media,Media
222,222,F,32,Master,IT,IT
223,223,F,43,HighSchool,Science,IT
224,224,M,32,PhD,Science,Science
225,225,F,26,PhD,Business,IT
226,226,F,55,Master,Science,Science
227,227,F,38,PhD,IT,IT
228,228,M,32,Master,Science,Science
229,229,F,47,HighSchool,Management,Management
230,230,F,40,Bachelor,Science,Science
231,231,M,44,Bachelor,IT,IT
232,232,F,20,PhD,Hospitality,Hospitality
233,233,F,34,HighSchool,Engineering,IT
234,234,M,32,Bachelor,IT,IT
235,235,M,30,HighSchool,Law,Law
236,236,F,39,Bachelor,Science,Science
237,237,F,48,PhD,Law,Law
238,238,F,39,PhD,Education,IT
239,239,F,27,PhD,IT,IT
240,240,F,38,Bachelor,Business,Business
241,241,F,42,Master,IT,IT
242,242,M,45,PhD,Education,Education
243,243,nonbinary,30,PhD,IT,IT
244,244,F,30,Bachelor,Science,IT
245,245,F,32,Master,Science,Science
246,246,F,50,Bachelor,Health,Health
247,247,M,38,Master,Education,Education
248,248,F,30,Bachelor,Business,Business
249,249,F,30,HighSchool,IT,IT
250,250,F,34,PhD,Media,Media
251,251,F,37,Bachelor,Science,Science
252,252,F,50,HighSchool,Administration,Administration
253,253,F,30,Master,Media,Media
254,254,M,60,PhD,Business,Business
255,255,F,60,PhD,Engineering,IT
256,256,F,41,Master,Business,Business
257,257,F,23,PhD,IT,IT
258,258,F,30,Bachelor,IT,IT
259,259,F,43,PhD,Education,Education
260,260,F,35,Bachelor,Science,Science
261,261,M,30,PhD,IT,IT
262,262,M,23,Bachelor,Hospitality,Hospitality
263,263,F,69,Bachelor,Engineering,IT
264,264,nonbinary,31,Master,Hospitality,Hospitality
265,265,F,76,Master,IT,IT
266,266,F,26,PhD,IT,IT
267,267,F,34,Master,Engineering,Engineering
268,268,F,21,PhD,Science,Science
269,269,F,34,Master,IT,IT
270,270,M,45,PhD,Management,Management
271,271,F,21,Bachelor,Administration,Administration
272,272,F,35,Master,Engineering,IT
273,273,M,22,PhD,Media,Media
274,274,F,30,PhD,Education,Education
275,275,F,39,Master,Business,IT
276,276,F,79,PhD,IT,IT
277,277,F,29,Master,Science,Science
278,278,F,40,Bachelor,IT,IT
279,279,F,31,HighSchool,IT,IT
280,280,M,40,Bachelor,Business,Business
281,281,F,34,Master,IT,IT
282,282,F,21,Master,IT,IT
283,283,F,58,PhD,Business,Business
284,284,M,39,Master,Farming,Farming
285,285,M,21,Master,Science,Science
286,286,F,35,PhD,Engineering,Engineering
287,287,F,77,Bachelor,Health,Health
288,288,M,38,Master,IT,IT
289,289,nonbinary,41,Master,Business,Business
290,290,M,39,PhD,IT,IT
291,291,F,39,PhD,Hospitality,IT
292,292,F,49,PhD,Engineering,Engineering
293,293,F,41,Bachelor,Education,Education
294,294,F,27,PhD,IT,IT
295,295,F,42,PhD,Science,IT
296,296,F,39,Master,Business,Business
297,297,F,44,PhD,IT,IT
298,298,M,31,HighSchool,Education,IT
299,299,F,47,Bachelor,Science,Science
300,300,F,31,PhD,Science,Science
301,301,F,24,Bachelor,IT,IT
302,302,F,35,Bachelor,Science,Science
303,303,F,41,PhD,Science,IT
304,304,F,41,Master,IT,IT
305,305,M,21,PhD,Science,IT
306,306,F,34,HighSchool,Media,Media
307,307,F,23,Bachelor,Science,Science
308,308,F,80,PhD,Science,Science
309,309,F,33,Bachelor,Science,Science
310,310,M,27,PhD,IT,IT
311,311,M,20,HighSchool,IT,IT
312,312,nonbinary,22,PhD,IT,IT
313,313,F,36,Master,Science,Science
314,314,F,36,Master,Engineering,Engineering
315,315,F,58,HighSchool,IT,IT
316,316,F,34,PhD,Education,Education
317,317,F,44,Bachelor,Science,IT
318,318,F,37,Master,Hospitality,Hospitality
319,319,F,24,PhD,Business,Business
320,320,F,30,Master,IT,IT
321,321,F,30,PhD,Hospitality,Hospitality
322,322,F,25,Master,Engineering,IT
323,323,NS,42,HighSchool,Business,IT
324,324,F,41,Bachelor,Science,Science
325,325,M,28,Master,IT,IT
326,326,F,20,Master,IT,IT
327,327,F,39,Master,IT,IT
328,328,nonbinary,33,HighSchool,Management,Management
329,329,F,41,Master,Business,Business
330,330,NS,47,HighSchool,IT,IT
331,331,F,20,Master,Administration,Administration
332,332,F,49,Master,IT,IT
333,333,F,40,Bachelor,Engineering,Engineering
334,334,nonbinary,24,HighSchool,Science,IT
335,335,M,34,PhD,Engineering,IT
336,336,M,35,Master,Education,IT
337,337,F,20,Master,Science,Science
338,338,F,31,Bachelor,Engineering,Engineering
339,339,F,40,PhD,Education,Education
340,340,M,57,Master,Administration,Administration
341,341,F,21,Bachelor,IT,IT
342,342,F,39,HighSchool,Education,Education
343,343,NS,39,Master,Administration,Administration
344,344,M,36,Bachelor,Engineering,IT
345,345,nonbinary,21,Master,IT,IT
346,346,NS,31,PhD,Hospitality,Hospitality
347,347,F,38,PhD,Media,Media
348,348,F,21,Master,Media,Media
349,349,F,20,HighSchool,Law,Law
350,350,F,53,PhD,Education,Education
351,351,M,51,Master,Education,IT
352,352,M,45,Master,Science,Science
353,353,F,38,Bachelor,Education,Education
354,354,F,59,PhD,Science,IT
355,355,NS,38,Master,Engineering,Engineering
356,356,F,54,HighSchool,Education,Education
357,357,F,57,PhD,Law,Law
358,358,NS,32,Master,IT,IT
359,359,F,28,Bachelor,Education,Education
360,360,F,37,Master,Law,Law
361,361,F,61,HighSchool,IT,IT
362,362,F,50,Master,Education,IT
363,363,F,29,PhD,Hospitality,Hospitality
364,364,F,41,Bachelor,Science,Science
365,365,nonbinary,40,Master,Business,Business
366,366,F,55,Master,IT,IT
367,367,M,30,PhD,Engineering,Engineering
368,368,M,36,HighSchool,Administration,IT
369,369,M,24,Bachelor,Media,IT
370,370,F,29,Master,Engineering,Engineering
371,371,F,30,Master,Engineering,IT
372,372,F,40,Bachelor,Science,Science
373,373,F,36,Bachelor,Media,Media
374,374,M,58,Master,Science,Science
375,375,M,30,Master,Science,IT
376,376,M,30,Bachelor,Media,Media
377,377,F,38,Bachelor,Media,Media
378,378,nonbinary,44,PhD,Media,Media
379,379,F,21,Master,Business,Business
380,380,M,30,Bachelor,IT,IT
381,381,F,35,Master,Business,Business
382,382,F,37,Master,Engineering,IT
383,383,F,25,PhD,IT,IT
384,384,F,47,Master,Business,Business
385,385,F,30,PhD,IT,IT
386,386,F,28,Bachelor,Engineering,IT
387,387,F,33,Master,Media,Media
388,388,F,39,Master,Science,Science
389,389,F,32,PhD,Engineering,IT
390,390,F,48,Master,Construction,Construction
391,391,F,34,HighSchool,Science,IT
392,392,F,24,Bachelor,Engineering,IT
393,393,F,39,Master,IT,IT
394,394,F,33,HighSchool,Science,Science
395,395,F,40,Master,IT,IT
396,396,F,31,Master,IT,IT
397,397,F,32,HighSchool,Science,IT
398,398,F,42,Bachelor,IT,IT
399,399,M,40,PhD,IT,IT
400,400,nonbinary,40,Bachelor,Science,Science
401,401,F,40,Master,IT,IT
402,402,nonbinary,57,Bachelor,IT,IT
403,403,M,65,Master,IT,IT
404,404,F,22,HighSchool,IT,IT
405,405,M,28,PhD,Science,Science
406,406,M,68,Bachelor,IT,IT
407,407,F,44,PhD,Hospitality,Hospitality
408,408,F,32,HighSchool,IT,IT
409,409,M,31,Bachelor,Engineering,IT
410,410,F,84,PhD,Construction,Construction
411,411,F,40,HighSchool,IT,IT
412,412,F,43,Bachelor,Science,Science
413,413,M,40,Bachelor,Science,Science
414,414,nonbinary,22,HighSchool,IT,IT
415,415,F,50,Master,Management,Management
416,416,F,28,Master,IT,IT
417,417,F,35,Bachelor,IT,IT
418,418,F,35,Bachelor,Engineering,Engineering
419,419,F,47,PhD,Hospitality,Hospitality
420,420,F,36,Master,IT,IT
421,421,NS,40,PhD,Engineering,IT
422,422,F,50,Master,IT,IT
423,423,F,33,HighSchool,IT,IT
424,424,NS,23,Bachelor,Science,Science
425,425,M,29,Master,Business,Business
426,426,M,38,Bachelor,IT,IT
427,427,M,28,PhD,Business,Business
428,428,F,66,Bachelor,Engineering,Engineering
429,429,F,49,Bachelor,Hospitality,Hospitality
430,430,M,43,Bachelor,Science,IT
431,431,M,23,PhD,Education,Education
432,432,M,40,Master,Engineering,Engineering
433,433,F,36,PhD,Science,Science
434,434,F,52,PhD,IT,IT
435,435,M,28,Bachelor,Education,IT
436,436,F,39,PhD,Business,Business
437,437,F,40,PhD,Education,IT
438,438,M,32,Bachelor,Administration,Administration
439,439,M,69,Master,Science,IT
440,440,F,34,Bachelor,Administration,IT
441,441,M,53,Master,Education,Education
442,442,F,31,Bachelor,Media,Media
443,443,F,30,Bachelor,Education,Education
444,444,F,35,Bachelor,Business,Business
445,445,M,39,Bachelor,Business,Business
446,446,F,36,Bachelor,Business,Business
447,447,F,24,Bachelor,Business,Business
448,448,F,39,Master,IT,IT
449,449,M,37,Bachelor,Education,IT
450,450,M,50,Master,Business,Business
451,451,M,25,Master,Science,Science
452,452,F,62,Master,IT,IT
453,453,F,36,Master,Science,IT
454,454,F,38,PhD,IT,IT
455,455,F,33,Master,IT,IT
456,456,F,22,Bachelor,Media,Media
457,457,F,35,Master,IT,IT
458,458,M,33,PhD,Business,Business
459,459,M,33,Master,Engineering,IT
460,460,F,33,Master,Engineering,Engineering
461,461,M,33,Bachelor,Business,Business
462,462,F,36,Bachelor,IT,IT
463,463,F,45,Master,Health,Health
464,464,M,30,Bachelor,Education,IT
465,465,F,35,Bachelor,IT,IT
466,466,M,47,Master,Law,Law
467,467,F,52,PhD,Science,Science
468,468,M,74,Master,Education,Education
469,469,M,46,Bachelor,IT,IT
470,470,F,38,Bachelor,Education,IT
471,471,M,29,PhD,Education,Education
472,472,F,31,HighSchool,IT,IT
473,473,F,42,Bachelor,Law,Law
474,474,M,40,Master,Business,Business
475,475,F,38,Bachelor,Science,Science
476,476,F,38,Master,Engineering,Engineering
477,477,F,42,PhD,IT,IT
478,478,F,33,PhD,Law,Law
479,479,M,33,PhD,Engineering,Engineering
480,480,F,23,Bachelor,Engineering,IT
481,481,F,87,Master,Education,IT
482,482,F,54,Bachelor,Media,Media
483,483,F,76,PhD,IT,IT
484,484,F,42,Master,Administration,Administration
485,485,nonbinary,28,Bachelor,Business,Business
486,486,F,45,PhD,Science,Science
487,487,NS,40,Bachelor,Education,Education
488,488,M,40,PhD,Engineering,IT
489,489,F,46,Master,Engineering,Engineering
490,490,F,24,Master,Education,Education
491,491,M,35,Bachelor,Engineering,IT
492,492,F,60,Master,Health,IT
493,493,F,30,Master,Science,Science
494,494,F,35,PhD,IT,IT
495,495,F,31,PhD,IT,IT
496,496,F,35,PhD,Hospitality,Hospitality
497,497,F,34,HighSchool,Business,Business
498,498,F,37,PhD,IT,IT
499,499,F,43,Master,Education,Education
500,500,M,50,Bachelor,Business,Business
501,501,F,26,HighSchool,IT,IT
502,502,nonbinary,36,PhD,IT,IT
503,503,F,43,Bachelor,IT,IT
504,504,F,55,PhD,Health,Health
505,505,F,29,PhD,Engineering,Engineering
506,506,M,45,Master,Law,Law
507,507,F,50,Bachelor,Business,Business
508,508,M,55,Master,Engineering,Engineering
509,509,F,38,Master,Engineering,IT
510,510,F,49,PhD,Education,Education
511,511,F,22,Master,Business,Business
512,512,F,36,Master,Science,Science
513,513,M,36,Master,Health,Health
514,514,M,38,PhD,Science,Science
515,515,F,30,HighSchool,Hospitality,Hospitality
516,516,F,51,Bachelor,Science,Science
517,517,F,36,HighSchool,Education,Education
518,518,F,26,PhD,Education,Education
519,519,F,39,Bachelor,Science,IT
520,520,M,38,Bachelor,IT,IT
521,521,M,21,Bachelor,Management,Management
522,522,M,31,Master,Business,Business
523,523,NS,35,Master,Science,Science
524,524,F,37,PhD,IT,IT
525,525,F,41,Bachelor,Engineering,IT
526,526,nonbinary,37,Master,IT,IT
527,527,F,25,Master,Media,Media
528,528,F,31,Master,Hospitality,Hospitality
529,529,F,35,Bachelor,Media,Media
530,530,F,32,PhD,Education,Education
531,531,F,42,Master,Farming,Farming
532,532,F,39,PhD,Education,Education
533,533,NS,39,PhD,IT,IT
534,534,F,48,Bachelor,Science,Science
535,535,F,35,Bachelor,Science,Science
536,536,M,44,HighSchool,IT,IT
537,537,F,55,PhD,Administration,Administration
538,538,F,34,Master,Hospitality,Hospitality
539,539,F,22,Bachelor,Science,IT
540,540,F,33,Bachelor,IT,IT
541,541,M,33,Bachelor,Hospitality,Hospitality
542,542,F,39,Master,Engineering,IT
543,543,F,39,Bachelor,Health,Health
544,544,nonbinary,47,Master,Science,IT
545,545,F,45,Master,Science,Science
546,546,F,28,PhD,Education,IT
547,547,F,34,Bachelor,Hospitality,IT
548,548,F,47,Bachelor,Science,Science
549,549,M,57,Bachelor,IT,IT
550,550,F,36,Bachelor,Science,Science
551,551,nonbinary,27,Bachelor,IT,IT
552,552,nonbinary,36,PhD,IT,IT
553,553,F,34,Master,Education,Education
554,554,F,40,Bachelor,IT,IT
555,555,F,36,PhD,Education,Education
556,556,F,36,HighSchool,IT,IT
557,557,nonbinary,24,Bachelor,Science,Science
558,558,F,51,Master,Business,Business
559,559,F,53,Master,Health,Health
560,560,F,29,PhD,IT,IT
561,561,nonbinary,41,Bachelor,Science,Science
562,562,F,28,Master,Engineering,Engineering
563,563,M,23,Bachelor,IT,IT
564,564,M,30,Master,Science,Science
565,565,F,30,PhD,Education,Education
566,566,NS,58,Master,Media,Media
567,567,F,57,Master,IT,IT
568,568,F,40,Master,Education,Education
569,569,M,57,Master,Business,Business
570,570,F,30,PhD,Science,Science
571,571,F,37,Master,Education,Education
572,572,F,29,PhD,IT,IT
573,573,M,54,Master,IT,IT
574,574,F,90,Bachelor,IT,IT
575,575,F,39,Bachelor,Hospitality,Hospitality
576,576,F,42,PhD,IT,IT
577,577,M,38,Master,Education,Education
578,578,F,40,PhD,Engineering,Engineering
579,579,F,32,Bachelor,Science,Science
580,580,F,60,PhD,Education,IT
581,581,F,36,Bachelor,Media,Media
582,582,M,32,Bachelor,IT,IT
583,583,F,21,Bachelor,Science,IT
584,584,F,58,HighSchool,Science,Science
585,585,M,53,Bachelor,IT,IT
586,586,F,37,PhD,Science,Science
587,587,M,35,Bachelor,Media,Media
588,588,F,31,Bachelor,Engineering,Engineering
589,589,F,26,PhD,IT,IT
590,590,F,45,Master,Education,Education
591,591,nonbinary,33,HighSchool,Education,Education
592,592,F,35,Bachelor,Education,Education
593,593,F,33,Master,Media,Media
594,594,F,21,PhD,Business,Business
595,595,F,51,Master,Education,Education
596,596,F,33,Master,Media,Media
597,597,M,55,PhD,Business,Business
598,598,M,30,Master,Science,IT
599,599,F,33,Bachelor,IT,IT
600,600,F,22,Master,Education,Education
601,601,M,53,Master,IT,IT
602,602,F,44,PhD,Science,Science
603,603,M,36,Master,Science,Science
604,604,F,46,Bachelor,Education,Education
605,605,F,38,Bachelor,IT,IT
606,606,F,35,PhD,Media,Media
607,607,F,48,Bachelor,Hospitality,Hospitality
608,608,NS,52,PhD,Science,Science
609,609,F,30,Master,IT,IT
610,610,F,42,PhD,Education,Education
611,611,F,43,Bachelor,IT,IT
612,612,F,40,Bachelor,IT,IT
613,613,F,30,PhD,Hospitality,IT
614,614,F,30,Bachelor,IT,IT
615,615,F,33,Master,Science,IT
616,616,F,36,Master,Education,Education
617,617,nonbinary,68,Master,IT,IT
618,618,NS,31,Bachelor,IT,IT
619,619,F,32,Bachelor,IT,IT
620,620,F,80,HighSchool,IT,IT
621,621,M,20,HighSchool,Science,IT
622,622,M,33,Master,Science,Science
623,623,nonbinary,49,Bachelor,Science,Science
624,624,F,36,Master,Business,Business
625,625,M,21,HighSchool,IT,IT
626,626,F,47,PhD,IT,IT
627,627,F,32,Master,IT,IT
628,628,F,41,Master,Science,Science
629,629,M,50,Master,Business,Business
630,630,F,33,Master,IT,IT
631,631,NS,30,PhD,Science,Science
632,632,NS,30,PhD,Media,IT
633,633,M,43,Bachelor,Science,Science
634,634,F,35,HighSchool,Science,Science
635,635,F,50,Bachelor,Science,Science
636,636,F,35,Master,IT,IT
637,637,F,38,Master,Science,Science
638,638,M,31,Bachelor,Education,Education
639,639,F,44,Bachelor,Science,Science
640,640,M,50,Bachelor,Business,Business
641,641,F,52,PhD,Education,IT
642,642,NS,31,Bachelor,Education,IT
643,643,F,33,HighSchool,Education,IT
644,644,F,50,Master,Education,IT
645,645,M,39,Master,Engineering,IT
646,646,M,60,Master,Science,Science
647,647,M,30,Bachelor,Science,Science
648,648,F,42,PhD,IT,IT
649,649,F,47,Master,Business,Business
650,650,nonbinary,28,Bachelor,Science,Science
651,651,F,35,Bachelor,IT,IT
652,652,F,47,Master,Hospitality,Hospitality
653,653,F,25,Bachelor,Science,Science
654,654,M,22,PhD,Science,Science
655,655,F,40,Master,Science,Science
656,656,F,32,PhD,Engineering,Engineering
657,657,F,36,PhD,Science,Science
658,658,NS,60,Master,Education,Education
659,659,F,42,Bachelor,IT,IT
660,660,F,56,Master,Science,Science
661,661,M,48,PhD,Science,Science
662,662,M,46,HighSchool,Science,Science
663,663,F,36,PhD,IT,IT
664,664,F,33,PhD,IT,IT
665,665,F,22,Master,Business,Business
666,666,F,33,HighSchool,Media,Media
667,667,M,52,Master,IT,IT
668,668,M,41,HighSchool,IT,IT
669,669,F,39,Bachelor,Science,IT
670,670,F,40,PhD,Science,Science
671,671,M,40,Bachelor,Science,Science
672,672,F,38,Master,IT,IT
673,673,F,48,Master,IT,IT
674,674,nonbinary,25,Master,Science,Science
675,675,F,38,Bachelor,IT,IT
676,676,F,34,Master,Science,Science
677,677,F,59,PhD,Media,Media
678,678,F,30,Master,IT,IT
679,679,F,25,PhD,Education,Education
680,680,NS,30,Bachelor,IT,IT
681,681,F,21,PhD,Business,Business
682,682,F,30,PhD,IT,IT
683,683,F,53,Master,IT,IT
684,684,M,37,HighSchool,Engineering,IT
685,685,F,27,Master,Business,Business
686,686,F,41,PhD,IT,IT
687,687,M,34,Master,Administration,Administration
688,688,F,51,Master,Education,Education
689,689,F,34,HighSchool,IT,IT
690,690,F,47,Bachelor,Business,Business
691,691,F,24,PhD,IT,IT
692,692,F,35,PhD,IT,IT
693,693,nonbinary,81,Bachelor,Management,Management
694,694,M,36,HighSchool,Business,Business
695,695,F,33,Master,IT,IT
696,696,F,38,Master,IT,IT
697,697,M,86,Master,Business,Business
698,698,F,39,Bachelor,Business,Business
699,699,NS,44,PhD,Science,Science
700,700,F,26,Master,Engineering,IT
701,701,NS,46,Bachelor,IT,IT
702,702,NS,33,PhD,IT,IT
703,703,nonbinary,30,PhD,Science,Science
704,704,F,26,Master,Media,Media
705,705,F,46,Bachelor,Science,Science
706,706,F,55,HighSchool,Business,Business
707,707,F,32,Master,Engineering,IT
708,708,M,27,Master,Science,Science
709,709,M,56,PhD,IT,IT
710,710,F,40,Bachelor,Media,Media
711,711,F,25,Bachelor,Science,Science
712,712,F,46,Master,Science,IT
713,713,NS,43,PhD,IT,IT
714,714,F,39,Bachelor,IT,IT
715,715,F,20,Bachelor,IT,IT
716,716,M,20,PhD,IT,IT
717,717,F,45,Master,Engineering,Engineering
718,718,F,74,Master,Hospitality,IT
719,719,nonbinary,34,Master,IT,IT
720,720,F,39,Master,IT,IT
721,721,M,28,Bachelor,Law,Law
722,722,F,36,HighSchool,Hospitality,IT
723,723,F,31,Master,Education,IT
724,724,M,40,PhD,Engineering,IT
725,725,nonbinary,43,Master,IT,IT
726,726,F,23,Master,Hospitality,Hospitality
727,727,F,48,Bachelor,IT,IT
728,728,M,28,Bachelor,Engineering,Engineering
729,729,F,24,Bachelor,Science,IT
730,730,F,26,Master,Business,Business
731,731,F,32,Bachelor,IT,IT
732,732,F,48,PhD,IT,IT
733,733,F,42,Master,IT,IT
734,734,M,25,Master,Education,Education
735,735,F,32,Bachelor,Media,Media
736,736,F,55,Master,Law,Law
737,737,M,44,PhD,IT,IT
738,738,F,31,Bachelor,Science,Science
739,739,F,30,Master,Education,Education
740,740,F,41,Bachelor,Law,Law
741,741,NS,29,PhD,Business,Business
742,742,F,30,Master,Business,Business
743,743,F,30,Master,IT,IT
744,744,F,48,PhD,Business,Business
745,745,F,52,Bachelor,Education,Education
746,746,F,39,PhD,Hospitality,Hospitality
747,747,F,51,Master,Science,IT
748,748,F,33,Master,Science,Science
749,749,F,26,PhD,Hospitality,Hospitality
750,750,F,42,Bachelor,Media,Media
751,751,F,32,PhD,IT,IT
752,752,F,41,Master,Administration,Administration
753,753,M,46,Bachelor,Hospitality,Hospitality
754,754,F,46,Master,IT,IT
755,755,NS,38,Master,Business,IT
756,756,F,47,Master,Business,Business
757,757,F,56,Master,Media,Media
758,758,NS,32,PhD,IT,IT
759,759,F,30,Bachelor,Science,Science
760,760,nonbinary,40,PhD,Administration,Administration
761,761,F,36,Master,Engineering,Engineering
762,762,F,33,PhD,Business,Business
763,763,F,60,Bachelor,Education,Education
764,764,F,59,Bachelor,Engineering,Engineering
765,765,F,60,Master,Engineering,Engineering
766,766,F,43,Bachelor,IT,IT
767,767,F,45,Master,Business,Business
768,768,F,45,PhD,Business,Business
769,769,F,52,PhD,Management,Management
770,770,F,32,Bachelor,IT,IT
771,771,F,32,Master,Engineering,Engineering
772,772,F,36,Master,IT,IT
773,773,F,49,HighSchool,Education,Education
774,774,F,36,Master,IT,IT
775,775,F,22,Master,Education,IT
776,776,F,26,Master,Business,Business
777,777,F,33,PhD,IT,IT
778,778,F,22,Master,IT,IT
779,779,nonbinary,38,Master,Engineering,IT
780,780,F,38,PhD,Administration,Administration
781,781,nonbinary,58,Master,IT,IT
782,782,F,43,Master,Science,Science
783,783,M,42,Master,Education,Education
784,784,F,30,Master,Administration,Administration
785,785,F,50,PhD,Health,Health
786,786,F,30,HighSchool,Science,Science
787,787,F,55,Master,IT,IT
788,788,M,23,PhD,Hospitality,Hospitality
789,789,M,21,Master,Education,Education
790,790,F,20,Bachelor,Media,Media
791,791,F,37,HighSchool,IT,IT
792,792,M,28,Bachelor,IT,IT
793,793,F,50,Master,Engineering,IT
794,794,nonbinary,39,Master,Business,IT
795,795,F,36,Master,Education,IT
796,796,F,25,PhD,Business,Business
797,797,M,66,PhD,Engineering,IT
798,798,M,20,Master,Business,Business
799,799,M,34,PhD,Management,Management
800,800,F,40,PhD,IT,IT
801,801,M,20,PhD,IT,IT
802,802,F,37,HighSchool,Science,Science
803,803,F,29,Master,IT,IT
804,804,M,55,Master,Science,Science
805,805,F,21,Bachelor,IT,IT
806,806,F,29,PhD,Law,Law
807,807,F,28,Master,IT,IT
808,808,F,61,Master,Science,Science
809,809,F,54,Master,Science,Science
810,810,nonbinary,24,Master,Education,Education
811,811,F,30,Master,Science,Science
812,812,F,48,Bachelor,Business,Business
813,813,F,40,PhD,Administration,Administration
814,814,F,45,Master,Engineering,IT
815,815,F,40,PhD,Education,IT
816,816,F,30,HighSchool,Engineering,IT
817,817,F,31,PhD,Science,IT
818,818,M,42,Master,Science,Science
819,819,F,32,Bachelor,IT,IT
820,820,F,38,Master,Hospitality,Hospitality
821,821,F,40,PhD,IT,IT
822,822,F,25,Bachelor,IT,IT
823,823,F,37,Master,Science,Science
824,824,F,31,PhD,Science,Science
825,825,F,44,Master,IT,IT
826,826,F,40,PhD,Business,Business
827,827,NS,35,PhD,Business,Business
828,828,M,30,PhD,IT,IT
829,829,F,23,PhD,Business,IT
830,830,F,24,Bachelor,Science,Science
831,831,F,63,Master,Business,Business
832,832,F,48,Master,IT,IT
833,833,F,30,Bachelor,Hospitality,Hospitality
834,834,F,39,Bachelor,Media,Media
835,835,M,30,Master,IT,IT
836,836,F,50,Master,IT,IT
837,837,nonbinary,38,Master,IT,IT
838,838,F,33,HighSchool,Media,IT
839,839,nonbinary,29,Bachelor,Engineering,IT
840,840,F,41,Bachelor,Business,Business
841,841,F,51,PhD,IT,IT
842,842,M,42,Master,Science,IT
843,843,F,50,Master,Engineering,IT
844,844,F,30,PhD,Education,IT
845,845,F,43,Master,IT,IT
846,846,NS,39,Bachelor,IT,IT
847,847,M,31,HighSchool,Science,Science
848,848,F,35,PhD,Business,Business
849,849,M,56,Bachelor,Science,IT
850,850,F,30,PhD,Media,Media
851,851,F,39,Bachelor,Education,IT
852,852,M,35,HighSchool,IT,IT
853,853,NS,22,HighSchool,Education,Education
854,854,F,41,Bachelor,Engineering,IT
855,855,NS,40,Master,Education,Education
856,856,F,50,Bachelor,Education,IT
857,857,F,69,PhD,IT,IT
858,858,F,59,HighSchool,Science,Science
859,859,F,24,Master,IT,IT
860,860,M,34,PhD,Hospitality,Hospitality
861,861,F,57,PhD,Engineering,Engineering
862,862,M,32,HighSchool,Business,Business
863,863,M,48,Master,Science,IT
864,864,M,37,Bachelor,Science,Science
865,865,F,48,HighSchool,Hospitality,Hospitality
866,866,M,57,Bachelor,IT,IT
867,867,F,33,Bachelor,Science,Science
868,868,F,25,HighSchool,Education,Education
869,869,F,33,Master,IT,IT
870,870,F,31,PhD,IT,IT
871,871,M,35,Master,IT,IT
872,872,F,33,Bachelor,IT,IT
873,873,NS,39,PhD,IT,IT
874,874,M,36,Bachelor,Education,IT
875,875,F,22,Bachelor,IT,IT
876,876,F,24,Master,Education,Education
877,877,F,59,Bachelor,IT,IT
878,878,F,34,Master,IT,IT
879,879,F,34,HighSchool,Science,Science
880,880,F,55,Master,Business,Business
881,881,M,30,PhD,Management,Management
882,882,F,40,Bachelor,Education,Education
883,883,M,77,HighSchool,Education,Education
884,884,F,40,PhD,IT,IT
885,885,M,31,PhD,Law,Law
886,886,F,24,Bachelor,Education,Education
887,887,F,55,PhD,Education,Education
888,888,M,49,Bachelor,IT,IT
889,889,F,90,Master,Engineering,Engineering
890,890,F,54,Master,Education,Education
891,891,F,35,Bachelor,IT,IT
892,892,F,77,Master,Science,IT
893,893,F,40,PhD,Science,Science
894,894,F,32,PhD,Science,IT
895,895,F,39,Master,Media,Media
896,896,F,42,HighSchool,Health,Health
897,897,F,40,Bachelor,Education,Education
898,898,F,39,PhD,Science,IT
899,899,F,83,Master,Administration,Administration
900,900,F,43,Bachelor,Construction,IT
901,901,F,35,PhD,IT,IT
902,902,F,24,Master,Business,Business
903,903,M,71,Bachelor,Engineering,IT
904,904,F,34,Bachelor,Engineering,IT
905,905,F,49,Master,IT,IT
906,906,F,32,PhD,Engineering,Engineering
907,907,F,21,PhD,Education,Education
908,908,F,21,Master,Education,Education
909,909,nonbinary,47,Bachelor,Hospitality,Hospitality
910,910,F,30,HighSchool,Engineering,Engineering
911,911,F,45,PhD,Engineering,Engineering
912,912,NS,35,HighSchool,Science,Science
913,913,F,40,HighSchool,Education,IT
914,914,F,43,Master,Science,Science
915,915,NS,61,PhD,Education,IT
916,916,nonbinary,56,Master,Business,Business
917,917,F,35,Master,Science,Science
918,918,F,34,PhD,Business,Business
919,919,F,20,PhD,IT,IT
920,920,F,23,PhD,IT,IT
921,921,F,35,Master,Engineering,IT
922,922,nonbinary,32,Bachelor,Education,IT
923,923,F,20,Bachelor,Health,Health
924,924,M,23,PhD,IT,IT
925,925,F,30,Master,IT,IT
926,926,F,35,Master,IT,IT
927,927,M,24,Master,IT,IT
928,928,M,33,PhD,Science,Science
929,929,F,46,PhD,IT,IT
930,930,F,21,Bachelor,Education,IT
931,931,F,78,PhD,Science,Science
932,932,M,36,HighSchool,IT,IT
933,933,F,83,Master,IT,IT
934,934,F,47,PhD,Engineering,IT
935,935,F,52,Master,Media,Media
936,936,F,26,Bachelor,Business,Business
937,937,F,33,Bachelor,IT,IT
938,938,NS,48,Bachelor,Education,Education
939,939,F,22,HighSchool,Management,Management
940,940,F,27,Master,Farming,Farming
941,941,nonbinary,37,PhD,IT,IT
942,942,F,46,PhD,IT,IT
943,943,F,30,Master,Education,Education
944,944,F,33,Master,Education,Education
945,945,F,45,Bachelor,Education,Education
946,946,nonbinary,37,PhD,Hospitality,Hospitality
947,947,F,35,HighSchool,Business,Business
948,948,F,50,Master,IT,IT
949,949,F,37,Master,Media,Media
950,950,nonbinary,55,Bachelor,Science,Science
951,951,M,48,HighSchool,IT,IT
952,952,nonbinary,40,Bachelor,IT,IT
953,953,M,41,Bachelor,Engineering,Engineering
954,954,nonbinary,23,Master,IT,IT
955,955,F,23,Bachelor,Education,Education
956,956,F,40,Bachelor,IT,IT
957,957,F,21,Bachelor,IT,IT
958,958,F,30,HighSchool,Science,Science
959,959,F,40,HighSchool,Business,IT
960,960,F,30,PhD,Business,Business
961,961,M,30,HighSchool,Business,Business
962,962,F,32,PhD,Business,Business
963,963,F,36,HighSchool,Engineering,Engineering
964,964,M,20,Master,IT,IT
965,965,F,23,Master,Engineering,Engineering
966,966,M,40,HighSchool,Business,Business
967,967,F,37,Master,Law,Law
968,968,M,32,Master,Science,Science
969,969,F,22,Master,Science,Science
970,970,F,49,Master,Business,IT
971,971,F,23,Master,IT,IT
972,972,F,41,Bachelor,IT,IT
973,973,nonbinary,22,Master,IT,IT
974,974,M,36,Master,Education,Education
975,975,F,38,Master,Science,Science
976,976,F,34,Master,Science,Science
977,977,F,32,Master,Hospitality,Hospitality
978,978,F,30,Bachelor,Hospitality,Hospitality
979,979,F,36,Master,Law,Law
980,980,F,36,Bachelor,Business,Business
981,981,F,33,Master,IT,IT
982,982,M,31,Bachelor,IT,IT
983,983,F,36,Bachelor,Business,Business
984,984,F,37,Master,IT,IT
985,985,M,33,Bachelor,IT,IT
986,986,F,50,Bachelor,Administration,Administration
987,987,F,40,PhD,IT,IT
988,988,F,36,Master,Science,IT
989,989,M,24,PhD,Education,IT
990,990,F,45,Bachelor,Media,Media
991,991,nonbinary,30,PhD,Hospitality,Hospitality
992,992,F,25,Master,Media,Media
993,993,M,34,Bachelor,Business,Business
994,994,nonbinary,30,HighSchool,Education,Education
995,995,F,21,Master,Media,Media
996,996,F,22,HighSchool,IT,IT
997,997,F,33,Bachelor,Media,Media
998,998,nonbinary,36,Bachelor,Science,Science
999,999,nonbinary,38,Master,Engineering,IT
1000,1000,F,36,Bachelor,Health,Health
1001,1001,F,26,HighSchool,Business,Business
1002,1002,F,50,Master,Education,IT
1003,1003,nonbinary,53,Master,Business,Business
1004,1004,M,30,Master,Science,IT
1005,1005,nonbinary,26,PhD,IT,IT
1006,1006,F,39,Bachelor,Media,Media
1007,1007,F,50,Bachelor,Education,Education
1008,1008,NS,42,PhD,Education,IT
1009,1009,F,26,PhD,Law,Law
1010,1010,F,35,Bachelor,Education,Education
1011,1011,F,52,Master,Engineering,Engineering
1012,1012,M,33,Bachelor,IT,IT
1013,1013,F,40,Bachelor,IT,IT
1014,1014,F,35,PhD,IT,IT
1015,1015,NS,21,Bachelor,Science,Science
1016,1016,F,38,Bachelor,Engineering,Engineering
1017,1017,F,50,Master,Business,Business
1018,1018,F,35,Bachelor,Education,Education
1019,1019,F,28,Master,Engineering,Engineering
1020,1020,F,36,Master,IT,IT
1021,1021,F,45,Master,Management,Management
1022,1022,F,31,Bachelor,Law,Law
1023,1023,M,36,PhD,Education,Education
1024,1024,F,39,Bachelor,IT,IT
1025,1025,F,40,HighSchool,Engineering,IT
1026,1026,F,50,Bachelor,Education,Education
1027,1027,F,22,Master,Science,Science
1028,1028,F,35,Bachelor,IT,IT
1029,1029,F,43,Master,IT,IT
1030,1030,M,31,PhD,Education,IT
1031,1031,F,26,Master,Management,Management
1032,1032,F,36,Master,Science,Science
1033,1033,F,37,Bachelor,Hospitality,Hospitality
1034,1034,F,52,Master,Engineering,IT
1035,1035,F,35,Master,Engineering,IT
1036,1036,M,30,Master,IT,IT
1037,1037,M,32,PhD,Hospitality,IT
1038,1038,F,37,PhD,IT,IT
1039,1039,M,36,Bachelor,Business,IT
1040,1040,F,22,HighSchool,IT,IT
1041,1041,F,36,PhD,Hospitality,Hospitality
1042,1042,F,60,PhD,Business,Business
1043,1043,F,43,Bachelor,IT,IT
1044,1044,F,35,HighSchool,Business,Business
1045,1045,F,30,Master,Science,IT
1046,1046,F,40,Master,Science,Science
1047,1047,nonbinary,54,Master,Science,Science
1048,1048,F,55,HighSchool,Media,Media
1049,1049,F,65,PhD,Science,Science
1050,1050,M,34,Master,IT,IT
1051,1051,F,46,PhD,Management,Management
1052,1052,F,36,PhD,IT,IT
1053,1053,F,21,Bachelor,Engineering,Engineering
1054,1054,F,42,HighSchool,IT,IT
1055,1055,F,31,Master,IT,IT
1056,1056,F,36,Bachelor,Engineering,IT
1057,1057,M,34,Master,Engineering,IT
1058,1058,F,36,Bachelor,Education,IT
1059,1059,F,57,Bachelor,Business,Business
1060,1060,F,31,Bachelor,Media,IT
1061,1061,F,84,Bachelor,Engineering,IT
1062,1062,nonbinary,30,PhD,IT,IT
1063,1063,F,51,Bachelor,IT,IT
1064,1064,F,20,HighSchool,Business,Business
1065,1065,F,31,PhD,Engineering,IT
1066,1066,F,48,HighSchool,Science,IT
1067,1067,F,29,Master,Education,Education
1068,1068,F,39,Master,Business,Business
1069,1069,nonbinary,61,Bachelor,IT,IT
1070,1070,F,38,Bachelor,Education,Education
1071,1071,F,23,HighSchool,Science,IT
1072,1072,F,32,Master,Administration,Administration
1073,1073,F,31,Bachelor,IT,IT
1074,1074,F,30,PhD,Science,Science
1075,1075,F,48,Master,IT,IT
1076,1076,F,32,Master,Science,IT
1077,1077,F,66,Master,Education,Education
1078,1078,F,32,PhD,IT,IT
1079,1079,F,32,Master,IT,IT
1080,1080,F,40,Bachelor,Science,IT
1081,1081,NS,55,Master,Farming,Farming
1082,1082,M,40,Bachelor,Science,Science
1083,1083,F,40,Master,IT,IT
1084,1084,nonbinary,54,Bachelor,Science,Science
1085,1085,NS,27,Bachelor,Science,Science
1086,1086,nonbinary,22,Master,Science,Science
1087,1087,F,59,Bachelor,Engineering,Engineering
1088,1088,NS,31,Master,Education,Education
1089,1089,F,25,Bachelor,Administration,Administration
1090,1090,M,40,Master,Law,IT
1091,1091,F,27,Master,Construction,Construction
1092,1092,F,25,HighSchool,IT,IT
1093,1093,M,38,PhD,IT,IT
1094,1094,NS,30,PhD,IT,IT
1095,1095,M,40,Bachelor,Engineering,Engineering
1096,1096,M,25,Bachelor,Science,Science
1097,1097,F,40,Bachelor,IT,IT
1098,1098,F,36,HighSchool,IT,IT
1099,1099,NS,24,HighSchool,IT,IT
1100,1100,F,30,Bachelor,Education,Education
1101,1101,F,47,Master,IT,IT
1102,1102,F,42,PhD,Administration,Administration
1103,1103,nonbinary,42,Bachelor,Engineering,Engineering
1104,1104,F,50,Master,Education,IT
1105,1105,M,42,Master,IT,IT
1106,1106,F,20,Master,IT,IT
1107,1107,nonbinary,48,Bachelor,Engineering,IT
1108,1108,F,30,HighSchool,Business,Business
1109,1109,F,34,Bachelor,IT,IT
1110,1110,NS,48,Master,Administration,Administration
1111,1111,M,33,Bachelor,Health,Health
1112,1112,F,36,Master,Science,Science
1113,1113,M,33,Master,Science,Science
1114,1114,M,42,Bachelor,Education,Education
1115,1115,F,60,Master,IT,IT
1116,1116,F,53,Master,Hospitality,Hospitality
1117,1117,nonbinary,34,Bachelor,Hospitality,Hospitality
1118,1118,F,21,Master,Hospitality,Hospitality
1119,1119,NS,31,Master,Management,Management
1120,1120,F,32,Master,Education,Education
1121,1121,F,44,PhD,IT,IT
1122,1122,NS,23,Bachelor,IT,IT
1123,1123,F,38,HighSchool,Science,Science
1124,1124,NS,28,Bachelor,IT,IT
1125,1125,M,76,Bachelor,Media,Media
1126,1126,F,30,Master,IT,IT
1127,1127,F,40,PhD,Health,Health
1128,1128,F,60,PhD,Science,IT
1129,1129,F,36,PhD,Science,Science
1130,1130,F,40,Bachelor,IT,IT
1131,1131,M,23,PhD,Science,Science
1132,1132,M,34,Master,IT,IT
1133,1133,F,40,Master,Science,Science
1134,1134,F,32,PhD,IT,IT
1135,1135,M,20,PhD,Education,Education
1136,1136,nonbinary,42,PhD,Business,Business
1137,1137,M,39,Master,IT,IT
1138,1138,F,33,Master,Engineering,IT
1139,1139,F,40,Master,Business,Business
1140,1140,M,35,PhD,Science,Science
1141,1141,M,39,PhD,Health,Health
1142,1142,F,26,PhD,IT,IT
1143,1143,F,60,PhD,IT,IT
1144,1144,F,27,PhD,IT,IT
1145,1145,F,43,PhD,Hospitality,Hospitality
1146,1146,F,39,Bachelor,Science,Science
1147,1147,F,22,Bachelor,IT,IT
1148,1148,M,36,PhD,Media,Media
1149,1149,F,32,HighSchool,Engineering,IT
1150,1150,M,26,PhD,Business,Business
1151,1151,M,42,HighSchool,Science,Science
1152,1152,F,32,PhD,Business,Business
1153,1153,M,24,Bachelor,IT,IT
1154,1154,F,33,Bachelor,Engineering,Engineering
1155,1155,F,24,PhD,Media,Media
1156,1156,F,43,Bachelor,Engineering,Engineering
1157,1157,M,30,HighSchool,Science,Science
1158,1158,F,26,Master,Education,Education
1159,1159,F,38,PhD,Business,IT
1160,1160,F,40,Master,IT,IT
1161,1161,F,60,Master,Education,IT
1162,1162,M,22,Master,IT,IT
1163,1163,F,59,HighSchool,IT,IT
1164,1164,F,47,Master,IT,IT
1165,1165,F,40,PhD,IT,IT
1166,1166,NS,37,Master,Science,Science
1167,1167,F,39,Master,Science,Science
1168,1168,F,26,PhD,Engineering,Engineering
1169,1169,F,25,Bachelor,Education,IT
1170,1170,F,28,PhD,IT,IT
1171,1171,M,40,PhD,IT,IT
1172,1172,F,65,Bachelor,Business,Business
1173,1173,F,33,Master,IT,IT
1174,1174,M,20,PhD,Education,IT
1175,1175,M,64,Bachelor,IT,IT
1176,1176,NS,21,PhD,Business,Business
1177,1177,M,38,HighSchool,Farming,Farming
1178,1178,M,58,PhD,Media,Media
1179,1179,F,20,PhD,IT,IT
1180,1180,F,47,Bachelor,IT,IT
1181,1181,M,49,Master,Science,Science
1182,1182,F,45,PhD,IT,IT
1183,1183,F,32,HighSchool,Education,Education
1184,1184,M,51,PhD,Education,Education
1185,1185,F,56,Bachelor,Engineering,IT
1186,1186,F,20,PhD,Engineering,IT
1187,1187,M,34,Master,Administration,Administration
1188,1188,F,26,PhD,Engineering,Engineering
1189,1189,F,43,Master,Health,Health
1190,1190,F,52,Bachelor,Science,Science
1191,1191,F,59,Master,IT,IT
1192,1192,F,88,Master,IT,IT
1193,1193,nonbinary,34,Master,IT,IT
1194,1194,F,27,Master,Education,Education
1195,1195,F,31,PhD,IT,IT
1196,1196,nonbinary,38,PhD,IT,IT
1197,1197,F,40,PhD,Education,Education
1198,1198,F,39,Master,IT,IT
1199,1199,M,31,PhD,Science,Science
1200,1200,M,43,PhD,Business,Business
1201,1201,F,30,Master,IT,IT
1202,1202,F,40,Bachelor,Business,Business
1203,1203,nonbinary,33,Bachelor,Business,IT
1204,1204,F,37,Bachelor,IT,IT
1205,1205,F,30,Master,Science,Science
1206,1206,F,36,Master,IT,IT
1207,1207,F,29,Master,Engineering,Engineering
1208,1208,F,40,Master,Education,Education
1209,1209,M,28,Bachelor,Health,IT
1210,1210,F,40,Master,Engineering,Engineering
1211,1211,F,32,PhD,Science,IT
1212,1212,F,40,Bachelor,Engineering,IT
1213,1213,F,30,HighSchool,IT,IT
1214,1214,nonbinary,40,Master,Media,Media
1215,1215,F,38,Bachelor,Education,IT
1216,1216,F,44,PhD,IT,IT
1217,1217,F,26,PhD,Engineering,Engineering
1218,1218,F,53,Bachelor,IT,IT
1219,1219,F,42,Master,Engineering,Engineering
1220,1220,F,40,Bachelor,Education,Education
1221,1221,M,37,Master,Administration,Administration
1222,1222,NS,28,HighSchool,Science,Science
1223,1223,F,31,HighSchool,Education,IT
1224,1224,F,40,PhD,IT,IT
1225,1225,M,30,Bachelor,Science,IT
1226,1226,F,53,Master,IT,IT
1227,1227,F,31,PhD,Science,IT
1228,1228,F,37,PhD,IT,IT
1229,1229,M,34,Master,Science,IT
1230,1230,F,37,Master,Education,Education
1231,1231,F,45,Bachelor,IT,IT
1232,1232,F,40,Bachelor,Science,Science
1233,1233,F,24,Bachelor,IT,IT
1234,1234,F,25,Bachelor,Engineering,IT
1235,1235,F,49,Master,Media,Media
1236,1236,F,36,Bachelor,IT,IT
1237,1237,F,39,Master,Education,Education
1238,1238,F,40,HighSchool,IT,IT
1239,1239,F,36,Master,Science,Science
1240,1240,F,59,Master,IT,IT
1241,1241,F,30,PhD,Business,Business
1242,1242,F,48,PhD,IT,IT
1243,1243,F,90,Bachelor,Science,Science
1244,1244,F,42,Master,IT,IT
1245,1245,F,35,PhD,Science,IT
1246,1246,F,57,Bachelor,IT,IT
1247,1247,F,36,PhD,Health,Health
1248,1248,F,27,Bachelor,IT,IT
1249,1249,NS,53,Bachelor,Education,IT
1250,1250,F,47,Master,Business,Business
1251,1251,M,30,Master,Engineering,Engineering
1252,1252,M,30,Bachelor,Science,Science
1253,1253,F,46,Bachelor,IT,IT
1254,1254,F,21,HighSchool,Education,Education
1255,1255,F,32,PhD,IT,IT
1256,1256,M,55,Master,Management,Management
1257,1257,NS,45,Bachelor,IT,IT
1258,1258,F,60,Master,Administration,Administration
1259,1259,nonbinary,32,Bachelor,Engineering,IT
1260,1260,M,32,Bachelor,Science,Science
1261,1261,F,30,PhD,Engineering,Engineering
1262,1262,F,40,Master,Business,Business
1263,1263,nonbinary,59,PhD,Engineering,Engineering
1264,1264,F,37,HighSchool,Science,Science
1265,1265,F,38,Bachelor,Education,Education
1266,1266,F,75,Bachelor,IT,IT
1267,1267,M,26,Master,IT,IT
1268,1268,M,39,PhD,Engineering,IT
1269,1269,NS,37,Bachelor,Engineering,Engineering
1270,1270,F,40,PhD,Engineering,Engineering
1271,1271,F,20,Master,Education,Education
1272,1272,F,32,PhD,Science,Science
1273,1273,F,34,PhD,Law,Law
1274,1274,nonbinary,55,Bachelor,Hospitality,IT
1275,1275,F,23,PhD,IT,IT
1276,1276,M,34,Master,IT,IT
1277,1277,nonbinary,36,PhD,Media,Media
1278,1278,F,60,Master,IT,IT
1279,1279,F,25,Master,IT,IT
1280,1280,M,36,Bachelor,Education,Education
1281,1281,M,35,Master,IT,IT
1282,1282,F,31,Master,Science,Science
1283,1283,nonbinary,33,Master,Science,Science
1284,1284,NS,32,Master,Education,Education
1285,1285,F,40,PhD,Business,Business
1286,1286,F,37,Master,IT,IT
1287,1287,F,26,Master,IT,IT
1288,1288,nonbinary,41,Master,IT,IT
1289,1289,nonbinary,27,Bachelor,Science,IT
1290,1290,F,47,Master,IT,IT
1291,1291,F,34,Bachelor,Science,Science
1292,1292,F,40,Bachelor,Engineering,IT
1293,1293,nonbinary,33,Master,Engineering,IT
1294,1294,M,30,Master,IT,IT
1295,1295,F,24,Master,Science,Science
1296,1296,F,24,PhD,Science,Science
1297,1297,nonbinary,25,Bachelor,Management,Management
1298,1298,M,39,Master,Science,IT
1299,1299,M,48,Bachelor,Business,Business
1300,1300,F,39,Master,Science,IT
1301,1301,F,29,Master,Education,IT
1302,1302,F,32,Master,Science,IT
1303,1303,F,23,PhD,Science,Science
1304,1304,F,45,Bachelor,Management,Management
1305,1305,M,50,Master,IT,IT
1306,1306,F,39,Master,IT,IT
1307,1307,F,31,PhD,Education,Education
1308,1308,M,32,Bachelor,IT,IT
1309,1309,F,36,Bachelor,Science,Science
1310,1310,F,23,Bachelor,Hospitality,Hospitality
1311,1311,nonbinary,38,Master,Business,Business
1312,1312,F,39,Bachelor,IT,IT
1313,1313,F,37,PhD,Business,Business
1314,1314,M,36,Master,Education,Education
1315,1315,M,40,Master,Business,Business
1316,1316,M,50,Master,IT,IT
1317,1317,nonbinary,37,Master,IT,IT
1318,1318,F,42,HighSchool,Education,Education
1319,1319,F,41,Master,Science,Science
1320,1320,F,30,Master,Education,Education
1321,1321,F,27,Bachelor,Engineering,Engineering
1322,1322,F,30,PhD,Engineering,Engineering
1323,1323,F,32,PhD,Engineering,IT
1324,1324,M,56,PhD,Education,Education
1325,1325,F,40,Master,Education,IT
1326,1326,F,52,Bachelor,IT,IT
1327,1327,F,40,Master,Administration,Administration
1328,1328,F,32,PhD,Education,Education
1329,1329,F,26,Master,Science,Science
1330,1330,F,36,Bachelor,IT,IT
1331,1331,F,39,PhD,Education,Education
1332,1332,F,32,Bachelor,IT,IT
1333,1333,M,39,Bachelor,IT,IT
1334,1334,M,37,Bachelor,Science,Science
1335,1335,F,22,HighSchool,IT,IT
1336,1336,F,44,Bachelor,IT,IT
1337,1337,M,36,HighSchool,Management,Management
1338,1338,F,31,PhD,Education,IT
1339,1339,F,31,Master,IT,IT
1340,1340,nonbinary,50,PhD,Science,IT
1341,1341,M,49,Bachelor,Business,IT
1342,1342,F,39,Bachelor,Science,IT
1343,1343,F,30,PhD,Education,IT
1344,1344,NS,24,PhD,IT,IT
1345,1345,M,39,Master,IT,IT
1346,1346,F,35,PhD,Engineering,Engineering
1347,1347,F,83,PhD,Science,Science
1348,1348,F,45,Master,Business,Business
1349,1349,M,30,Bachelor,Science,Science
1350,1350,F,37,PhD,Science,Science
1351,1351,F,60,Bachelor,Business,Business
1352,1352,F,60,Master,Engineering,IT
1353,1353,F,22,Bachelor,Science,IT
1354,1354,F,39,Bachelor,Engineering,Engineering
1355,1355,F,30,Bachelor,IT,IT
1356,1356,F,38,Master,Science,Science
1357,1357,F,59,PhD,Business,Business
1358,1358,F,21,Bachelor,Education,IT
1359,1359,F,35,Master,Science,Science
1360,1360,F,33,Bachelor,Education,Education
1361,1361,M,30,Master,Science,Science
1362,1362,NS,44,Master,Business,Business
1363,1363,F,59,Master,Engineering,Engineering
1364,1364,F,50,PhD,Education,IT
1365,1365,M,45,Bachelor,Business,Business
1366,1366,F,32,Master,IT,IT
1367,1367,F,55,PhD,Science,IT
1368,1368,F,27,Bachelor,Science,IT
1369,1369,F,40,Master,Science,Science
1370,1370,F,38,Bachelor,IT,IT
1371,1371,nonbinary,39,Master,Engineering,Engineering
1372,1372,F,26,PhD,Health,Health
1373,1373,M,37,Master,IT,IT
1374,1374,F,30,PhD,Business,Business
1375,1375,F,31,Master,IT,IT
1376,1376,nonbinary,57,HighSchool,Business,Business
1377,1377,F,28,Master,Engineering,IT
1378,1378,F,56,Master,Administration,Administration
1379,1379,F,53,HighSchool,Hospitality,Hospitality
1380,1380,F,40,Master,Science,Science
1381,1381,F,30,Bachelor,Management,Management
1382,1382,F,49,PhD,Hospitality,Hospitality
1383,1383,F,34,HighSchool,Education,Education
1384,1384,F,50,HighSchool,Hospitality,Hospitality
1385,1385,F,44,Bachelor,Education,IT
1386,1386,F,23,PhD,IT,IT
1387,1387,F,44,Bachelor,Management,Management
1388,1388,F,35,Master,Hospitality,Hospitality
1389,1389,F,21,Bachelor,Science,Science
1390,1390,F,29,HighSchool,IT,IT
1391,1391,F,37,PhD,IT,IT
1392,1392,NS,33,PhD,Education,Education
1393,1393,F,39,Master,Construction,IT
1394,1394,F,43,PhD,Business,Business
1395,1395,F,31,Bachelor,Science,Science
1396,1396,F,23,PhD,Construction,Construction
1397,1397,F,33,Bachelor,Science,Science
1398,1398,F,86,Bachelor,Engineering,IT
1399,1399,F,43,Bachelor,Education,IT
1400,1400,F,48,Bachelor,Media,Media
1401,1401,nonbinary,60,Master,Science,Science
1402,1402,nonbinary,45,Master,Science,Science
1403,1403,M,40,Bachelor,IT,IT
1404,1404,F,49,Master,Business,Business
1405,1405,F,21,Bachelor,Engineering,Engineering
1406,1406,F,50,Master,Engineering,IT
1407,1407,M,35,Master,Education,Education
1408,1408,F,30,Master,Science,Science
1409,1409,F,37,Bachelor,Business,Business
1410,1410,F,34,PhD,IT,IT
1411,1411,M,30,Master,Education,IT
1412,1412,M,29,Bachelor,Farming,Farming
1413,1413,F,37,HighSchool,Engineering,IT
1414,1414,F,46,Master,Science,Science
1415,1415,M,35,PhD,IT,IT
1416,1416,M,51,Bachelor,IT,IT
1417,1417,F,34,PhD,Science,Science
1418,1418,F,36,PhD,Construction,Construction
1419,1419,F,21,Master,Science,Science
1420,1420,F,20,Master,IT,IT
1421,1421,F,42,Master,Media,Media
1422,1422,F,39,Bachelor,IT,IT
1423,1423,NS,78,Master,Media,Media
1424,1424,F,32,Master,Business,Business
1425,1425,F,36,Bachelor,Engineering,IT
1426,1426,nonbinary,42,HighSchool,Science,Science
1427,1427,F,30,Bachelor,Business,Business
1428,1428,F,32,Master,Engineering,IT
1429,1429,F,45,Bachelor,IT,IT
1430,1430,NS,38,Master,Engineering,Engineering
1431,1431,F,37,PhD,Health,Health
1432,1432,F,42,Bachelor,IT,IT
1433,1433,F,40,Bachelor,Science,Science
1434,1434,F,76,Bachelor,Science,Science
1435,1435,M,30,Master,IT,IT
1436,1436,F,30,Master,IT,IT
1437,1437,F,22,Master,Law,Law
1438,1438,F,39,HighSchool,IT,IT
1439,1439,F,39,Master,Science,Science
1440,1440,nonbinary,31,PhD,Media,Media
1441,1441,F,25,HighSchool,Education,IT
1442,1442,F,31,HighSchool,Engineering,IT
1443,1443,F,30,Bachelor,Engineering,IT
1444,1444,M,37,PhD,Business,Business
1445,1445,F,32,Bachelor,Education,Education
1446,1446,F,70,Bachelor,Management,Management
1447,1447,F,58,Master,IT,IT
1448,1448,F,26,PhD,Business,Business
1449,1449,F,60,Master,IT,IT
1450,1450,M,44,PhD,Science,Science
1451,1451,F,44,PhD,IT,IT
1452,1452,F,41,HighSchool,Administration,Administration
1453,1453,M,28,PhD,Science,Science
1454,1454,F,28,Master,Law,Law
1455,1455,F,35,Master,Science,Science
1456,1456,F,39,Master,Engineering,Engineering
1457,1457,F,37,Master,IT,IT
1458,1458,F,53,Master,Media,Media
1459,1459,nonbinary,46,Bachelor,Media,Media
1460,1460,F,37,Master,Science,Science
1461,1461,M,35,PhD,IT,IT
1462,1462,F,36,Bachelor,Science,Science
1463,1463,F,40,HighSchool,IT,IT
1464,1464,F,31,Master,IT,IT
1465,1465,F,52,Bachelor,Education,Education
1466,1466,F,39,Bachelor,Engineering,IT
1467,1467,M,38,Master,IT,IT
1468,1468,F,40,Master,Media,Media
1469,1469,F,27,HighSchool,Science,IT
1470,1470,F,57,PhD,Engineering,IT
1471,1471,F,25,PhD,Hospitality,Hospitality
1472,1472,F,37,Master,Engineering,IT
1473,1473,M,39,Master,Science,IT
1474,1474,F,32,Bachelor,Business,Business
1475,1475,F,27,PhD,Media,Media
1476,1476,F,51,Master,Science,IT
1477,1477,F,25,Master,IT,IT
1478,1478,F,44,Master,IT,IT
1479,1479,F,30,PhD,Media,Media
1480,1480,F,32,PhD,Education,Education
1481,1481,F,40,Bachelor,Science,Science
1482,1482,M,36,Master,IT,IT
1483,1483,nonbinary,78,Master,Hospitality,IT
1484,1484,F,29,Master,IT,IT
1485,1485,F,36,HighSchool,Business,Business
1486,1486,F,24,Bachelor,IT,IT
1487,1487,F,34,HighSchool,Science,Science
1488,1488,F,21,Master,Hospitality,Hospitality
1489,1489,M,30,PhD,IT,IT
1490,1490,F,45,Bachelor,Hospitality,Hospitality
1491,1491,F,29,Bachelor,Engineering,IT
1492,1492,F,40,Bachelor,Education,Education
1493,1493,F,48,PhD,Engineering,Engineering
1494,1494,F,30,Bachelor,Science,IT
1495,1495,F,34,Master,Science,Science
1496,1496,F,39,Bachelor,Farming,Farming
1497,1497,F,33,PhD,IT,IT
1498,1498,F,23,Master,Business,IT
1499,1499,F,24,Master,Education,Education
1500,1500,M,43,Master,Education,Education
1501,1501,F,38,Bachelor,IT,IT
1502,1502,F,50,Bachelor,Business,Business
1503,1503,F,43,PhD,Science,Science
1504,1504,F,38,Master,Management,Management
1505,1505,F,42,Bachelor,Education,Education
1506,1506,M,44,Master,Education,Education
1507,1507,F,36,Bachelor,Business,IT
1508,1508,F,30,Master,Business,Business
1509,1509,M,59,HighSchool,Education,Education
1510,1510,F,53,Bachelor,IT,IT
1511,1511,M,32,Master,Science,Science
1512,1512,F,57,PhD,Hospitality,Hospitality
1513,1513,F,39,Bachelor,Science,Science
1514,1514,F,52,Master,IT,IT
1515,1515,F,35,HighSchool,Farming,Farming
1516,1516,F,23,Bachelor,Engineering,Engineering
1517,1517,F,35,HighSchool,Education,Education
1518,1518,M,32,Master,Education,IT
1519,1519,F,43,Bachelor,Management,Management
1520,1520,F,35,Bachelor,Hospitality,Hospitality
1521,1521,nonbinary,31,Master,IT,IT
1522,1522,F,30,PhD,Science,IT
1523,1523,F,20,Master,Engineering,IT
1524,1524,F,30,HighSchool,Business,Business
1525,1525,F,41,Master,IT,IT
1526,1526,NS,44,Master,IT,IT
1527,1527,F,24,HighSchool,Science,Science
1528,1528,F,37,Master,Media,IT
1529,1529,F,60,HighSchool,Construction,Construction
1530,1530,nonbinary,56,Bachelor,IT,IT
1531,1531,nonbinary,47,Master,Science,IT
1532,1532,F,34,PhD,Education,Education
1533,1533,F,23,PhD,Education,IT
1534,1534,F,51,PhD,Farming,Farming
1535,1535,F,33,HighSchool,IT,IT
1536,1536,F,52,Bachelor,Business,Business
1537,1537,M,44,Master,Education,Education
1538,1538,nonbinary,29,Bachelor,IT,IT
1539,1539,F,37,Master,IT,IT
1540,1540,F,31,PhD,IT,IT
1541,1541,M,34,Master,Science,IT
1542,1542,nonbinary,23,Master,Education,Education
1543,1543,F,36,Bachelor,Administration,Administration
1544,1544,F,35,Bachelor,Business,IT
1545,1545,F,40,PhD,IT,IT
1546,1546,F,40,PhD,Science,Science
1547,1547,M,32,HighSchool,Engineering,Engineering
1548,1548,F,39,HighSchool,Farming,Farming
1549,1549,F,56,Master,IT,IT
1550,1550,M,53,PhD,Construction,Construction
1551,1551,F,33,Master,Science,Science
1552,1552,F,41,Master,Hospitality,Hospitality
1553,1553,F,30,Master,Business,Business
1554,1554,nonbinary,32,Bachelor,Science,Science
1555,1555,F,40,PhD,Education,Education
1556,1556,F,22,Master,Engineering,Engineering
1557,1557,NS,29,Master,Education,IT
1558,1558,F,57,Bachelor,Education,IT
1559,1559,F,54,Master,Education,Education
1560,1560,F,25,Master,Engineering,Engineering
1561,1561,F,43,Bachelor,Business,Business
1562,1562,F,35,Bachelor,IT,IT
1563,1563,F,32,PhD,Administration,Administration
1564,1564,F,34,Master,Education,Education
1565,1565,M,30,PhD,IT,IT
1566,1566,M,26,PhD,IT,IT
1567,1567,F,46,Bachelor,Hospitality,Hospitality
1568,1568,F,21,Master,Science,Science
1569,1569,nonbinary,28,PhD,Science,Science
1570,1570,F,35,HighSchool,Business,Business
1571,1571,F,57,Master,Media,Media
1572,1572,nonbinary,38,Master,Science,IT
1573,1573,F,40,PhD,IT,IT
1574,1574,M,40,Bachelor,IT,IT
1575,1575,F,53,Master,Media,Media
1576,1576,F,41,Master,Science,Science
1577,1577,M,69,Bachelor,Management,Management
1578,1578,M,57,Master,Education,Education
1579,1579,F,34,Bachelor,Engineering,IT
1580,1580,F,41,PhD,Science,Science
1581,1581,F,39,Master,Education,Education
1582,1582,F,41,Master,Science,Science
1583,1583,F,46,Bachelor,Science,Science
1584,1584,F,38,Master,Education,IT
1585,1585,F,23,PhD,Construction,Construction
1586,1586,M,38,Bachelor,Education,IT
1587,1587,M,30,Bachelor,Media,Media
1588,1588,F,38,Bachelor,Business,Business
1589,1589,F,47,Bachelor,Engineering,IT
1590,1590,F,33,Master,Law,Law
1591,1591,M,32,PhD,Law,Law
1592,1592,F,71,Master,Engineering,Engineering
1593,1593,nonbinary,36,Bachelor,IT,IT
1594,1594,F,50,PhD,Science,Science
1595,1595,F,30,PhD,Business,Business
1596,1596,M,53,PhD,Science,IT
1597,1597,F,32,HighSchool,Media,Media
1598,1598,M,37,Master,Media,Media
1599,1599,F,31,PhD,IT,IT
1600,1600,F,29,Master,Science,Science
1601,1601,M,55,Master,Business,Business
1602,1602,F,33,Master,Business,Business
1603,1603,F,40,Master,Management,Management
1604,1604,F,32,Bachelor,Education,Education
1605,1605,F,46,Bachelor,Education,Education
1606,1606,F,27,Master,Law,Law
1607,1607,NS,26,Bachelor,Law,Law
1608,1608,F,20,PhD,IT,IT
1609,1609,F,33,HighSchool,IT,IT
1610,1610,F,39,PhD,Science,Science
1611,1611,F,33,Master,IT,IT
1612,1612,M,49,Master,IT,IT
1613,1613,F,30,Bachelor,Business,Business
1614,1614,nonbinary,36,Bachelor,IT,IT
1615,1615,M,33,Master,Education,Education
1616,1616,M,23,HighSchool,Business,Business
1617,1617,F,33,PhD,Engineering,IT
1618,1618,M,33,Bachelor,IT,IT
1619,1619,F,83,HighSchool,Science,Science
1620,1620,F,53,PhD,Business,Business
1621,1621,F,36,Bachelor,Business,Business
1622,1622,F,39,Bachelor,Business,Business
1623,1623,F,40,Master,IT,IT
1624,1624,F,39,Master,Engineering,Engineering
1625,1625,F,54,Master,Media,Media
1626,1626,nonbinary,50,PhD,IT,IT
1627,1627,M,35,Bachelor,Science,IT
1628,1628,M,28,Master,Science,Science
1629,1629,F,54,Bachelor,IT,IT
1630,1630,F,20,Master,Business,Business
1631,1631,F,40,Bachelor,IT,IT
1632,1632,F,34,PhD,Science,Science
1633,1633,F,36,HighSchool,Science,Science
1634,1634,F,53,Master,Engineering,Engineering
1635,1635,nonbinary,50,PhD,Education,IT
1636,1636,F,28,Master,Science,IT
1637,1637,F,39,Master,Science,Science
1638,1638,F,34,Bachelor,Hospitality,Hospitality
1639,1639,M,48,Master,Science,Science
1640,1640,nonbinary,37,Bachelor,Media,Media
1641,1641,NS,60,PhD,IT,IT
1642,1642,F,54,PhD,Science,Science
1643,1643,F,32,Bachelor,IT,IT
1644,1644,F,84,PhD,IT,IT
1645,1645,F,38,HighSchool,IT,IT
1646,1646,F,44,Master,IT,IT
1647,1647,M,60,Master,Engineering,Engineering
1648,1648,F,36,PhD,Education,Education
1649,1649,F,35,Bachelor,Engineering,IT
1650,1650,NS,20,Bachelor,Engineering,IT
1651,1651,F,40,Master,Science,IT
1652,1652,F,27,Master,Education,Education
1653,1653,F,28,HighSchool,Education,Education
1654,1654,F,21,Bachelor,Science,Science
1655,1655,F,32,PhD,Science,Science
1656,1656,F,48,PhD,IT,IT
1657,1657,NS,36,Master,IT,IT
1658,1658,F,64,PhD,Engineering,IT
1659,1659,M,89,Master,Science,Science
1660,1660,F,31,PhD,Business,Business
1661,1661,F,32,Master,Engineering,IT
1662,1662,NS,47,Bachelor,Science,Science
1663,1663,M,29,Bachelor,Engineering,Engineering
1664,1664,nonbinary,37,PhD,Engineering,IT
1665,1665,NS,38,Bachelor,Engineering,Engineering
1666,1666,F,49,PhD,Management,Management
1667,1667,M,58,Master,Education,IT
1668,1668,F,31,Master,Media,IT
1669,1669,F,54,Bachelor,Administration,Administration
1670,1670,NS,30,Bachelor,Media,Media
1671,1671,F,26,PhD,Health,Health
1672,1672,F,32,Bachelor,Science,IT
1673,1673,F,33,HighSchool,IT,IT
1674,1674,M,32,PhD,Hospitality,Hospitality
1675,1675,M,36,PhD,Hospitality,Hospitality
1676,1676,F,40,Bachelor,Law,Law
1677,1677,M,38,Master,IT,IT
1678,1678,F,40,PhD,IT,IT
1679,1679,F,53,Bachelor,IT,IT
1680,1680,F,30,PhD,Science,Science
1681,1681,F,55,Bachelor,IT,IT
1682,1682,NS,37,Master,IT,IT
1683,1683,F,27,HighSchool,IT,IT
1684,1684,F,20,Bachelor,Education,IT
1685,1685,F,50,Master,Science,Science
1686,1686,F,32,PhD,Health,Health
1687,1687,M,81,Master,Management,Management
1688,1688,F,56,PhD,Administration,Administration
1689,1689,M,37,PhD,Media,Media
1690,1690,F,36,PhD,Business,Business
1691,1691,F,47,Master,Engineering,IT
1692,1692,nonbinary,28,Master,Science,IT
1693,1693,M,38,PhD,IT,IT
1694,1694,nonbinary,30,PhD,IT,IT
1695,1695,F,28,PhD,Science,Science
1696,1696,M,32,Bachelor,IT,IT
1697,1697,F,30,Master,Science,Science
1698,1698,F,48,PhD,Administration,Administration
1699,1699,F,36,Master,IT,IT
1700,1700,M,24,Master,Construction,Construction
1701,1701,F,39,Bachelor,Science,Science
1702,1702,F,36,PhD,Media,Media
1703,1703,F,36,Master,Science,Science
1704,1704,F,27,Master,Business,Business
1705,1705,F,33,PhD,Health,Health
1706,1706,F,55,Bachelor,Engineering,IT
1707,1707,F,38,Master,Education,Education
1708,1708,F,39,Bachelor,Construction,IT
1709,1709,F,40,Bachelor,Media,Media
1710,1710,F,40,PhD,Engineering,IT
1711,1711,F,37,Master,Business,Business
1712,1712,F,46,Bachelor,Education,IT
1713,1713,F,51,HighSchool,Education,Education
1714,1714,F,49,Master,IT,IT
1715,1715,F,49,PhD,IT,IT
1716,1716,M,22,Bachelor,Science,Science
1717,1717,M,20,Bachelor,IT,IT
1718,1718,F,36,HighSchool,IT,IT
1719,1719,F,28,PhD,Science,Science
1720,1720,M,38,Master,IT,IT
1721,1721,M,35,PhD,Business,Business
1722,1722,F,30,PhD,Engineering,IT
1723,1723,F,80,Master,Hospitality,Hospitality
1724,1724,M,39,PhD,Farming,Farming
1725,1725,F,44,Bachelor,Science,IT
1726,1726,F,35,Master,Business,Business
1727,1727,F,33,Bachelor,Science,Science
1728,1728,F,39,PhD,Science,IT
1729,1729,M,40,HighSchool,Engineering,IT
1730,1730,F,35,Bachelor,IT,IT
1731,1731,F,30,Bachelor,Science,Science
1732,1732,M,45,Master,Health,IT
1733,1733,F,85,Master,Construction,IT
1734,1734,F,35,Bachelor,Science,Science
1735,1735,F,30,HighSchool,Business,Business
1736,1736,F,38,PhD,Science,Science
1737,1737,NS,35,Bachelor,IT,IT
1738,1738,F,26,Master,Law,Law
1739,1739,nonbinary,30,Master,Hospitality,Hospitality
1740,1740,F,30,Bachelor,Education,IT
1741,1741,F,32,Bachelor,Science,IT
1742,1742,F,54,Master,Engineering,Engineering
1743,1743,F,44,Bachelor,Administration,Administration
1744,1744,F,32,PhD,IT,IT
1745,1745,F,39,Master,Education,IT
1746,1746,F,32,Master,IT,IT
1747,1747,F,46,HighSchool,Hospitality,Hospitality
1748,1748,M,42,Master,Engineering,IT
1749,1749,F,42,Bachelor,Education,IT
1750,1750,F,42,PhD,Hospitality,Hospitality
1751,1751,F,60,PhD,Media,Media
1752,1752,NS,89,Master,Education,IT
1753,1753,F,40,Master,Education,IT
1754,1754,F,32,Master,Business,Business
1755,1755,F,34,Bachelor,IT,IT
1756,1756,F,38,Bachelor,Science,Science
1757,1757,F,21,Bachelor,Business,Business
1758,1758,F,35,Master,Hospitality,Hospitality
1759,1759,F,38,Bachelor,Education,Education
1760,1760,F,40,Master,Education,Education
1761,1761,F,35,Bachelor,Science,Science
1762,1762,F,48,PhD,IT,IT
1763,1763,F,47,Master,Business,Business
1764,1764,F,44,Master,Business,Business
1765,1765,M,60,Master,IT,IT
1766,1766,F,42,Bachelor,Engineering,Engineering
1767,1767,F,58,Master,IT,IT
1768,1768,F,39,Bachelor,Education,Education
1769,1769,F,50,PhD,IT,IT
1770,1770,F,59,Bachelor,IT,IT
1771,1771,F,34,Master,IT,IT
1772,1772,F,28,HighSchool,IT,IT
1773,1773,F,25,Master,IT,IT
1774,1774,M,42,Bachelor,IT,IT
1775,1775,F,79,Bachelor,Education,IT
1776,1776,F,34,PhD,IT,IT
1777,1777,M,27,Bachelor,Science,Science
1778,1778,F,26,Master,Engineering,Engineering
1779,1779,M,23,Master,Hospitality,Hospitality
1780,1780,F,64,PhD,IT,IT
1781,1781,F,54,PhD,Science,Science
1782,1782,nonbinary,23,PhD,Business,IT
1783,1783,NS,50,Bachelor,Hospitality,Hospitality
1784,1784,nonbinary,59,PhD,Engineering,IT
1785,1785,F,40,PhD,IT,IT
1786,1786,M,29,Bachelor,Education,IT
1787,1787,M,34,PhD,IT,IT
1788,1788,F,35,Master,IT,IT
1789,1789,F,45,Bachelor,IT,IT
1790,1790,F,39,Bachelor,Health,Health
1791,1791,F,49,Master,IT,IT
1792,1792,F,24,Bachelor,IT,IT
1793,1793,F,49,Bachelor,IT,IT
1794,1794,F,22,Bachelor,Science,Science
1795,1795,NS,33,PhD,IT,IT
1796,1796,F,44,HighSchool,IT,IT
1797,1797,F,33,Master,Science,Science
1798,1798,F,22,PhD,Media,Media
1799,1799,M,49,PhD,Engineering,IT
1800,1800,M,32,PhD,Business,Business
1801,1801,F,34,Bachelor,Hospitality,Hospitality
1802,1802,F,32,Master,IT,IT
1803,1803,F,30,PhD,Business,Business
1804,1804,F,20,Master,IT,IT
1805,1805,F,41,Master,Hospitality,IT
1806,1806,F,38,Master,IT,IT
1807,1807,F,31,HighSchool,Engineering,Engineering
1808,1808,F,21,Master,Business,IT
1809,1809,F,46,Master,Education,Education
1810,1810,F,48,PhD,Business,Business
1811,1811,nonbinary,43,Bachelor,IT,IT
1812,1812,nonbinary,26,Bachelor,Science,Science
1813,1813,F,58,Bachelor,IT,IT
1814,1814,F,39,HighSchool,Education,Education
1815,1815,nonbinary,52,PhD,Hospitality,Hospitality
1816,1816,nonbinary,33,HighSchool,IT,IT
1817,1817,F,44,HighSchool,Science,Science
1818,1818,F,23,Bachelor,IT,IT
1819,1819,F,30,PhD,Science,Science
1820,1820,F,32,Master,IT,IT
1821,1821,F,31,Bachelor,Science,IT
1822,1822,F,51,HighSchool,Business,Business
1823,1823,NS,59,PhD,IT,IT
1824,1824,M,31,Master,IT,IT
1825,1825,M,40,Bachelor,Business,Business
1826,1826,NS,26,Master,Administration,Administration
1827,1827,F,31,Bachelor,Construction,IT
1828,1828,F,23,Master,Science,Science
1829,1829,nonbinary,50,Master,Science,Science
1830,1830,F,51,Master,Science,Science
1831,1831,NS,46,Bachelor,Health,Health
1832,1832,F,37,PhD,Business,Business
1833,1833,M,32,Bachelor,Business,Business
1834,1834,M,29,Bachelor,Education,Education
1835,1835,F,37,Master,IT,IT
1836,1836,F,34,HighSchool,IT,IT
1837,1837,F,31,Master,IT,IT
1838,1838,NS,55,Master,Education,Education
1839,1839,F,34,Master,Law,Law
1840,1840,M,50,Master,IT,IT
1841,1841,NS,77,Bachelor,Engineering,IT
1842,1842,M,44,HighSchool,Science,Science
1843,1843,F,33,Master,IT,IT
1844,1844,F,53,Bachelor,IT,IT
1845,1845,F,26,PhD,Business,Business
1846,1846,F,36,Bachelor,Science,Science
1847,1847,F,26,Bachelor,IT,IT
1848,1848,M,44,Bachelor,Hospitality,Hospitality
1849,1849,M,34,Bachelor,IT,IT
1850,1850,F,26,HighSchool,IT,IT
1851,1851,F,35,Master,Engineering,Engineering
1852,1852,M,36,HighSchool,Engineering,IT
1853,1853,F,48,PhD,Law,Law
1854,1854,M,51,Bachelor,Media,Media
1855,1855,M,43,Bachelor,Business,Business
1856,1856,F,35,PhD,Science,Science
1857,1857,M,43,Master,IT,IT
1858,1858,F,39,Master,Science,Science
1859,1859,F,33,Master,Administration,Administration
1860,1860,NS,24,Bachelor,Media,IT
1861,1861,F,39,Master,IT,IT
1862,1862,F,34,Bachelor,IT,IT
1863,1863,F,44,HighSchool,Business,Business
1864,1864,M,37,Bachelor,IT,IT
1865,1865,F,39,Master,Education,Education
1866,1866,F,54,Master,Science,IT
1867,1867,nonbinary,48,HighSchool,Law,IT
1868,1868,F,32,PhD,Education,IT
1869,1869,F,30,Master,Construction,Construction
1870,1870,F,23,HighSchool,Hospitality,Hospitality
1871,1871,F,35,Master,IT,IT
1872,1872,F,60,Bachelor,Education,Education
1873,1873,F,37,Master,Science,Science
1874,1874,F,51,Bachelor,Media,Media
1875,1875,F,38,Bachelor,Education,Education
1876,1876,F,56,Bachelor,Education,Education
1877,1877,F,35,Master,IT,IT
1878,1878,NS,39,PhD,Hospitality,Hospitality
1879,1879,F,25,Master,Science,Science
1880,1880,F,29,Master,IT,IT
1881,1881,M,26,PhD,Management,Management
1882,1882,M,32,Bachelor,Education,Education
1883,1883,F,26,Master,Science,Science
1884,1884,NS,23,Master,Education,Education
1885,1885,F,31,Bachelor,Media,Media
1886,1886,M,34,HighSchool,Business,Business
1887,1887,F,24,HighSchool,Science,IT
1888,1888,M,40,Bachelor,Hospitality,Hospitality
1889,1889,F,54,PhD,Business,Business
1890,1890,F,45,PhD,Education,Education
1891,1891,F,55,Bachelor,Engineering,IT
1892,1892,M,31,HighSchool,Business,IT
1893,1893,F,40,Bachelor,Education,Education
1894,1894,NS,32,Bachelor,Education,Education
1895,1895,F,28,Master,Education,Education
1896,1896,F,20,PhD,Engineering,IT
1897,1897,nonbinary,49,Master,Science,Science
1898,1898,F,28,PhD,IT,IT
1899,1899,F,31,Master,Science,Science
1900,1900,F,39,HighSchool,IT,IT
1901,1901,F,26,Master,Media,IT
1902,1902,F,35,Master,Business,Business
1903,1903,F,23,Master,Science,Science
1904,1904,F,57,Master,Science,Science
1905,1905,nonbinary,42,Bachelor,Business,Business
1906,1906,F,35,Bachelor,Education,Education
1907,1907,F,58,Master,Science,IT
1908,1908,nonbinary,57,Master,Science,Science
1909,1909,F,32,Master,IT,IT
1910,1910,F,38,Master,Science,Science
1911,1911,F,27,Master,Business,Business
1912,1912,M,37,Bachelor,Business,Business
1913,1913,nonbinary,32,Master,IT,IT
1914,1914,F,35,Bachelor,Business,Business
1915,1915,F,55,Bachelor,IT,IT
1916,1916,F,52,PhD,Engineering,IT
1917,1917,F,33,Master,Science,Science
1918,1918,F,35,Master,Science,Science
1919,1919,F,49,Master,Business,Business
1920,1920,F,57,Master,Science,Science
1921,1921,M,33,Bachelor,Science,Science
1922,1922,M,25,Bachelor,Science,Science
1923,1923,F,30,Bachelor,Law,Law
1924,1924,M,33,Master,IT,IT
1925,1925,F,35,Master,Engineering,IT
1926,1926,M,31,Bachelor,IT,IT
1927,1927,F,60,Bachelor,Business,Business
1928,1928,F,40,Bachelor,Science,Science
1929,1929,F,45,Master,Engineering,Engineering
1930,1930,F,26,Master,IT,IT
1931,1931,nonbinary,33,Bachelor,IT,IT
1932,1932,F,20,HighSchool,Education,IT
1933,1933,M,32,Bachelor,IT,IT
1934,1934,F,50,Bachelor,Health,Health
1935,1935,F,41,Master,IT,IT
1936,1936,F,45,Master,Engineering,Engineering
1937,1937,F,30,Bachelor,Engineering,Engineering
1938,1938,F,38,Master,Engineering,IT
1939,1939,NS,40,PhD,Science,IT
1940,1940,F,49,PhD,IT,IT
1941,1941,F,36,Master,Administration,Administration
1942,1942,F,31,PhD,Law,Law
1943,1943,F,40,Master,Engineering,IT
1944,1944,F,45,Master,IT,IT
1945,1945,F,51,Master,Education,Education
1946,1946,F,20,Bachelor,Science,Science
1947,1947,F,21,Master,Business,Business
1948,1948,F,33,Bachelor,Construction,IT
1949,1949,F,33,HighSchool,Science,Science
1950,1950,F,45,Master,Business,Business
1951,1951,F,51,Bachelor,Engineering,Engineering
1952,1952,nonbinary,37,Master,IT,IT
1953,1953,F,27,Bachelor,Science,Science
1954,1954,nonbinary,32,Master,Education,IT
1955,1955,F,40,PhD,IT,IT
1956,1956,F,23,Bachelor,IT,IT
1957,1957,F,37,Bachelor,Science,Science
1958,1958,F,35,Master,Science,Science
1959,1959,F,46,Bachelor,IT,IT
1960,1960,M,23,PhD,IT,IT
1961,1961,F,39,PhD,Law,Law
1962,1962,F,41,Master,Science,Science
1963,1963,F,53,PhD,Media,Media
1964,1964,M,34,Master,Law,Law
1965,1965,F,40,PhD,Science,Science
1966,1966,F,34,Bachelor,IT,IT
1967,1967,F,41,Master,Media,Media
1968,1968,F,33,Bachelor,IT,IT
1969,1969,F,45,Bachelor,Science,Science
1970,1970,M,37,Master,Education,IT
1971,1971,M,25,PhD,Media,Media
1972,1972,F,37,Bachelor,IT,IT
1973,1973,F,58,PhD,Engineering,IT
1974,1974,F,48,PhD,IT,IT
1975,1975,F,38,PhD,Education,Education
1976,1976,F,32,Master,Science,IT
1977,1977,F,28,PhD,Science,Science
1978,1978,F,33,Bachelor,Administration,Administration
1979,1979,NS,34,Bachelor,Law,Law
1980,1980,F,37,HighSchool,IT,IT
1981,1981,F,20,Master,IT,IT
1982,1982,F,60,PhD,Education,Education
1983,1983,M,52,PhD,IT,IT
1984,1984,F,52,Master,IT,IT
1985,1985,nonbinary,48,Master,Science,IT
1986,1986,M,38,HighSchool,Science,Science
1987,1987,F,38,HighSchool,IT,IT
1988,1988,F,36,Bachelor,Engineering,Engineering
1989,1989,F,38,Bachelor,Engineering,IT
1990,1990,F,39,Bachelor,Media,Media
1991,1991,F,28,Master,Education,Education
1992,1992,F,26,Master,Education,Education
1993,1993,nonbinary,26,Bachelor,Business,Business
1994,1994,M,48,Master,Media,Media
1995,1995,F,32,Bachelor,Media,Media
1996,1996,F,32,Master,Education,IT
1997,1997,F,49,Master,IT,IT
1998,1998,F,37,Master,Education,Education
1999,1999,F,23,Master,Education,Education
